{
  "sections": {
    "hero": {
      "type": "hero-custom",
      "settings": {
        "heading": "Fast Setup. Easy Storage. Built for Champions.",
        "image": "shopify:\/\/shop_images\/hero.jpg"
      }
    },
    "product-grid": {
      "type": "product-grid-custom",
      "settings": {},
      "blocks": {
        "p1": {
          "type": "product",
          "settings": {
            "title": "Set of 3 | QuickPro Panels",
            "price": "570.00",
            "in_stock": true
          }
        },
        "p2": {
          "type": "product",
          "settings": {
            "title": "Set of 5 | QuickPro Panels",
            "price": "950.00",
            "in_stock": true
          }
        },
        "p3": {
          "type": "product",
          "settings": {
            "title": "Single Panel",
            "price": "195.00",
            "in_stock": true
          }
        },
        "p4": {
          "type": "product",
          "settings": {
            "title": "Trailer Attachments",
            "price": "15.00",
            "in_stock": true
          }
        }
      },
      "block_order": [
        "p1",
        "p2",
        "p3",
        "p4"
      ]
    },
    "gallery": {
      "type": "gallery-custom",
      "settings": {
        "heading": "Gallery"
      },
      "blocks": {
        "img1": {
          "type": "image",
          "settings": {
            "caption": "Two panels as stall"
          }
        },
        "img2": {
          "type": "image",
          "settings": {
            "caption": "Backstop for roping"
          }
        },
        "img3": {
          "type": "image",
          "settings": {
            "caption": "Multiple pens"
          }
        },
        "img4": {
          "type": "image",
          "settings": {
            "caption": "One additional panel"
          }
        }
      },
      "block_order": [
        "img1",
        "img2",
        "img3",
        "img4"
      ]
    },
    "newsletter": {
      "type": "newsletter-final",
      "settings": {
        "heading": "READY TO RECEIVE OUR NEWSLETTER? JOIN NOW!",
        "bg_color": "#656565"
      }
    },
    "faq": {
      "type": "faq-custom",
      "blocks": {
        "q1": {
          "type": "question",
          "settings": {
            "question": "Have Questions About Our Products?"
          }
        }
      },
      "block_order": [
        "q1"
      ],
      "settings": {
        "heading": "Have Questions About Our Products?"
      }
    }
  },
  "order": [
    "hero",
    "product-grid",
    "gallery",
    "newsletter",
    "faq"
  ]
}